row_number,level,reason,raw
330,error,codebarre vacio,"{'Articulo': 'Audifono SUPERB  NIA    NIA - X3  Pza.', 'cantidad': '3', 'codebarre': nan, 'Disponibilidad': '0', 'DiasparaVenc': nan, 'Precio_Venta': '130'}"
374,error,codebarre vacio,"{'Articulo': 'CABLE V3 GENERICO       PARA DATOS  Pza.', 'cantidad': '20', 'codebarre': nan, 'Disponibilidad': '0', 'DiasparaVenc': nan, 'Precio_Venta': '25'}"
377,error,codebarre vacio,"{'Articulo': 'CABLE ADAPTADOR IPHONE AUXILIAR      GENERICO  Pza.', 'cantidad': '2', 'codebarre': nan, 'Disponibilidad': '0', 'DiasparaVenc': nan, 'Precio_Venta': '25'}"
378,error,codebarre vacio,"{'Articulo': 'ADAPTADOR DVI A VGA        Pza.', 'cantidad': '0', 'codebarre': nan, 'Disponibilidad': '0', 'DiasparaVenc': nan, 'Precio_Venta': '25'}"
383,error,codebarre vacio,"{'Articulo': 'PAPEL A3D  SATURA  33*48  MATE  Pza.', 'cantidad': '1', 'codebarre': nan, 'Disponibilidad': '0', 'DiasparaVenc': nan, 'Precio_Venta': '350'}"
384,error,codebarre vacio,"{'Articulo': 'Reproductor DVD  LG    DP547  Pza.', 'cantidad': '0', 'codebarre': nan, 'Disponibilidad': '0', 'DiasparaVenc': nan, 'Precio_Venta': '300'}"
419,error,codebarre vacio,"{'Articulo': 'Reproductor DVD  LG    DP132  Pza.', 'cantidad': '0', 'codebarre': nan, 'Disponibilidad': '0', 'DiasparaVenc': nan, 'Precio_Venta': '280'}"
472,error,codebarre vacio,"{'Articulo': 'Dvds  CURSOR  4.7GB    Und.', 'cantidad': '5027', 'codebarre': nan, 'Disponibilidad': '0', 'DiasparaVenc': nan, 'Precio_Venta': '1.5'}"
475,error,codebarre vacio,"{'Articulo': 'Adaptador MHL      UNIVERSAL  Pza.', 'cantidad': '3', 'codebarre': nan, 'Disponibilidad': '0', 'DiasparaVenc': nan, 'Precio_Venta': '65'}"
476,error,codebarre vacio,"{'Articulo': 'Parlante   MUSKY    DY-28  Pza.', 'cantidad': '1', 'codebarre': nan, 'Disponibilidad': '0', 'DiasparaVenc': nan, 'Precio_Venta': '250'}"
496,error,codebarre vacio,"{'Articulo': 'Mochila PLOMO        Pza.', 'cantidad': '1', 'codebarre': nan, 'Disponibilidad': '0', 'DiasparaVenc': nan, 'Precio_Venta': '260'}"
497,error,codebarre vacio,"{'Articulo': 'tapa para lente   nikon    52MM  Pza.', 'cantidad': '2', 'codebarre': nan, 'Disponibilidad': '0', 'DiasparaVenc': nan, 'Precio_Venta': '41'}"
498,error,codebarre vacio,"{'Articulo': 'RELOJ  Casio    IQ-59ADF/1BDF  Pza.', 'cantidad': '1', 'codebarre': nan, 'Disponibilidad': '0', 'DiasparaVenc': '-2316', 'Precio_Venta': '120'}"
579,error,codebarre vacio,"{'Articulo': 'TINTA  JHOROMI  1/2 LITRO  NEGRO  Pza.', 'cantidad': '6', 'codebarre': nan, 'Disponibilidad': '0', 'DiasparaVenc': nan, 'Precio_Venta': '78'}"
580,error,codebarre vacio,"{'Articulo': 'TINTA  JHOROMI  1/2 LITRO  CIAN  Pza.', 'cantidad': '6', 'codebarre': nan, 'Disponibilidad': '0', 'DiasparaVenc': nan, 'Precio_Venta': '78'}"
597,error,codebarre vacio,"{'Articulo': 'CORTAPELO  WAHL  CORDER CLIPPER  DESIGNER  Pza.', 'cantidad': '0', 'codebarre': nan, 'Disponibilidad': '0', 'DiasparaVenc': nan, 'Precio_Venta': '465'}"
600,error,codebarre vacio,"{'Articulo': 'PARLANTE  GENIUS    SW 2.1 385  Pza.', 'cantidad': '0', 'codebarre': nan, 'Disponibilidad': '0', 'DiasparaVenc': nan, 'Precio_Venta': '350'}"
602,error,codebarre vacio,"{'Articulo': 'Bateria  Canon    BP-808 SL  Pza.', 'cantidad': '1', 'codebarre': nan, 'Disponibilidad': '0', 'DiasparaVenc': nan, 'Precio_Venta': '210'}"
603,error,codebarre vacio,"{'Articulo': 'Cargador bateria  Canon    NB-13L  Pza.', 'cantidad': '0', 'codebarre': nan, 'Disponibilidad': '0', 'DiasparaVenc': nan, 'Precio_Venta': '150'}"
605,error,codebarre vacio,"{'Articulo': 'AUDIFONO  SONY    XB450  Pza.', 'cantidad': '3', 'codebarre': nan, 'Disponibilidad': '0', 'DiasparaVenc': nan, 'Precio_Venta': '135'}"
609,error,codebarre vacio,"{'Articulo': 'Mando copia PS4  SONY      Pza.', 'cantidad': '1', 'codebarre': nan, 'Disponibilidad': '0', 'DiasparaVenc': nan, 'Precio_Venta': '380'}"
613,error,codebarre vacio,"{'Articulo': 'ARO LED      LIVE STREAM  Pza.', 'cantidad': '1', 'codebarre': nan, 'Disponibilidad': '0', 'DiasparaVenc': nan, 'Precio_Venta': '100'}"
614,error,codebarre vacio,"{'Articulo': 'ARO LED  SELFIE RING    AL-16  Pza.', 'cantidad': '1', 'codebarre': nan, 'Disponibilidad': '0', 'DiasparaVenc': nan, 'Precio_Venta': '110'}"
615,error,codebarre vacio,"{'Articulo': 'ARO LED  RING FILL LIGHT  12´´  CON PEDESTAL  Pza.', 'cantidad': '2', 'codebarre': nan, 'Disponibilidad': '0', 'DiasparaVenc': nan, 'Precio_Venta': '180'}"
618,error,codebarre vacio,"{'Articulo': 'Salteñera   sencilla    ECONOMICA  Pza.', 'cantidad': '0', 'codebarre': nan, 'Disponibilidad': '0', 'DiasparaVenc': nan, 'Precio_Venta': '150'}"
619,error,codebarre vacio,"{'Articulo': 'Tripode de mesa colores        Pza.', 'cantidad': '2', 'codebarre': nan, 'Disponibilidad': '0', 'DiasparaVenc': nan, 'Precio_Venta': '50'}"
628,error,codebarre vacio,"{'Articulo': 'AUDIFONO   SAMSUNG  CONTESTADOR/VOLUMEN  EO-EG920BW  Pza.', 'cantidad': '1', 'codebarre': nan, 'Disponibilidad': '0', 'DiasparaVenc': nan, 'Precio_Venta': '60'}"
632,error,codebarre vacio,"{'Articulo': 'ESTUCHE PARA DISCO DURO        Pza.', 'cantidad': '2', 'codebarre': nan, 'Disponibilidad': '0', 'DiasparaVenc': nan, 'Precio_Venta': '40'}"
654,error,codebarre vacio,"{'Articulo': 'CARGADOR BATERIA  NIKON    EN-EL20A-MH-27  Pza.', 'cantidad': '1', 'codebarre': nan, 'Disponibilidad': '0', 'DiasparaVenc': nan, 'Precio_Venta': '151'}"
657,error,codebarre vacio,"{'Articulo': 'Cable RCA PARA DVD    1,8 mt  GENERICO  Pza.', 'cantidad': '15', 'codebarre': nan, 'Disponibilidad': '0', 'DiasparaVenc': nan, 'Precio_Venta': '15'}"
658,error,codebarre vacio,"{'Articulo': 'Cable AUXILIAR A USB  hembra    GENERICO  Pza.', 'cantidad': '4', 'codebarre': nan, 'Disponibilidad': '0', 'DiasparaVenc': nan, 'Precio_Venta': '15'}"
673,error,codebarre vacio,"{'Articulo': 'SOPORTE PARA AUTO      HJ-ZL-42  Pza.', 'cantidad': '2', 'codebarre': nan, 'Disponibilidad': '0', 'DiasparaVenc': nan, 'Precio_Venta': '20'}"
678,error,codebarre vacio,"{'Articulo': 'SUJETADOR DE MANO      CAMERA GRIP  Pza.', 'cantidad': '2', 'codebarre': nan, 'Disponibilidad': '0', 'DiasparaVenc': nan, 'Precio_Venta': '80'}"
679,error,codebarre vacio,"{'Articulo': 'SUJETADOR DE MUÑECA      CAMERA GRIP  Pza.', 'cantidad': '2', 'codebarre': nan, 'Disponibilidad': '0', 'DiasparaVenc': nan, 'Precio_Venta': '100'}"
704,error,codebarre vacio,"{'Articulo': 'Cargador bateria   NIKON    MH-27/EN-EL20  Pza.', 'cantidad': '2', 'codebarre': nan, 'Disponibilidad': '0', 'DiasparaVenc': nan, 'Precio_Venta': '150'}"
706,error,codebarre vacio,"{'Articulo': 'Tapa para lente    55mm  SIN MARCO  Pza.', 'cantidad': '1', 'codebarre': nan, 'Disponibilidad': '0', 'DiasparaVenc': nan, 'Precio_Venta': '40'}"
823,error,cantidad vacio,"{'Articulo': 'LED-336    20W    Pza.', 'cantidad': nan, 'codebarre': '4607117465881', 'Disponibilidad': nan, 'DiasparaVenc': nan, 'Precio_Venta': '1200'}"
849,error,Articulo vacio,"{'Articulo': nan, 'cantidad': nan, 'codebarre': nan, 'Disponibilidad': nan, 'DiasparaVenc': nan, 'Precio_Venta': nan}"
854,error,codebarre vacio,"{'Articulo': 'Adaptador HDMI a display port', 'cantidad': nan, 'codebarre': nan, 'Disponibilidad': nan, 'DiasparaVenc': nan, 'Precio_Venta': '30'}"
855,error,codebarre vacio,"{'Articulo': 'Adaptador HDMI a display port', 'cantidad': nan, 'codebarre': nan, 'Disponibilidad': nan, 'DiasparaVenc': nan, 'Precio_Venta': '30'}"
868,error,codebarre vacio,"{'Articulo': 'QUEMADOR LECTOR INTERNO RW', 'cantidad': nan, 'codebarre': nan, 'Disponibilidad': nan, 'DiasparaVenc': nan, 'Precio_Venta': '189'}"
914,error,cantidad vacio,"{'Articulo': 'AUDIFONO BLOUTOO  EWTTO FUTBOL Pza.', 'cantidad': nan, 'codebarre': '6925871647939', 'Disponibilidad': '0', 'DiasparaVenc': nan, 'Precio_Venta': '90'}"
4,warning,cantidad negativa -90; se cargo como 0,"{'Articulo': 'Bolsa CD BELEN 100 CD Pza.', 'codebarre': 'BOLSACD'}"
8,warning,cantidad negativa -1; se cargo como 0,"{'Articulo': 'Telefono Panasonic dual KXTGB212 Pza.', 'codebarre': '5025232766758'}"
10,warning,cantidad negativa -1; se cargo como 0,"{'Articulo': 'Telefono Panasonic pantalla TS880MX Pza.', 'codebarre': 'KX-TS880MXW'}"
46,warning,cantidad negativa -1; se cargo como 0,"{'Articulo': 'Calculadora HP COLORES PRIME Pza.', 'codebarre': '888182912348'}"
48,warning,cantidad negativa -10; se cargo como 0,"{'Articulo': 'Flash Memory HP 32GB 32GB Pza.', 'codebarre': 'FLASHHP32GB'}"
49,warning,cantidad negativa -1; se cargo como 0,"{'Articulo': 'Tinta NEGRA INKMATE 100 CANON 100ML Pza.', 'codebarre': 'TINTA100N'}"
53,warning,cantidad negativa -5; se cargo como 0,"{'Articulo': 'MONOPIE VIVITAR 67 67"" Pza.', 'codebarre': '681066856314'}"
54,warning,cantidad negativa -1900; se cargo como 0,"{'Articulo': 'Tapas Dvd MAZA 7MM 2 DISCOS DVD Pza.', 'codebarre': 'TAPADVD7'}"
55,warning,cantidad negativa -931; se cargo como 0,"{'Articulo': 'TAPAS CD 7MM .', 'codebarre': 'TAPACD7'}"
59,warning,cantidad negativa -4377; se cargo como 0,"{'Articulo': 'Sobres Papel BLANCO 1 JMAX Pza.', 'codebarre': 'SOBREPAPELBLA'}"
63,warning,cantidad negativa -211; se cargo como 0,"{'Articulo': 'Sobres Plasticos JMAX 2CD PLASTICO Pza.', 'codebarre': 'SOBREPLASTICO'}"
73,warning,cantidad negativa -2; se cargo como 0,"{'Articulo': 'TINTA INKMATE LITRO NEGRO 1 CANON Pza.', 'codebarre': 'INKMATECN'}"
82,warning,cantidad negativa -52; se cargo como 0,"{'Articulo': '14 MM BLANCO', 'codebarre': 'TAPACOLORB14'}"
83,warning,cantidad negativa -434; se cargo como 0,"{'Articulo': '14 MM CLEAR', 'codebarre': 'TAPACOLORC14'}"
84,warning,cantidad negativa -14; se cargo como 0,"{'Articulo': 'TAPAS BLU 4U', 'codebarre': 'TAPABLU4U'}"
93,warning,cantidad negativa -48; se cargo como 0,"{'Articulo': '6U TAPAS DVD', 'codebarre': 'TAPADVD6U'}"
94,warning,cantidad negativa -22; se cargo como 0,"{'Articulo': '10U TAPAS DVD.', 'codebarre': 'TAPADVD10U'}"
96,warning,cantidad negativa -177; se cargo como 0,"{'Articulo': 'TAPAS CD ACRLICAS NEGRAS', 'codebarre': 'TAPAACRINE'}"
106,warning,cantidad negativa -1; se cargo como 0,"{'Articulo': 'BATERIA 9V DURACELL 9V ALCALINA Pza.', 'codebarre': '041333001043'}"
107,warning,cantidad negativa -23; se cargo como 0,"{'Articulo': 'PILA ALCALINA AA DURACELL AA ALCALINA PARES', 'codebarre': '041333900483'}"
114,warning,cantidad negativa -2; se cargo como 0,"{'Articulo': 'POLLERA ALUMINIO FOCO 2 FOCOS Pza.', 'codebarre': 'POLLERA2FOCOS'}"
119,warning,cantidad negativa -1; se cargo como 0,"{'Articulo': 'TINTA INKMATE CIAN LITRO 1 LITRO EPSON Pza.', 'codebarre': 'TINTAINKECIAN'}"
163,warning,cantidad negativa -1; se cargo como 0,"{'Articulo': 'ESTUCHE PARA CD 40U 40 CUADRADO Pza.', 'codebarre': 'ESTUCHE40'}"
167,warning,codebarre duplicado; se sobrescribira el mismo documento,"{'Articulo': 'Sobres Plasticos JMAX 2CD PLASTICO Pza.', 'codebarre': 'SOBREPLASTICO'}"
168,warning,codebarre duplicado; se sobrescribira el mismo documento,"{'Articulo': 'SOBRE PAPEL COLOR CD 1 CD Pza.', 'codebarre': 'SOBREPACO'}"
169,warning,codebarre duplicado; se sobrescribira el mismo documento,"{'Articulo': 'Tinta EPSON 70 ml cian 6642 Pza.', 'codebarre': '010343885301'}"
170,warning,codebarre duplicado; se sobrescribira el mismo documento,"{'Articulo': 'Tinta EPSON 70 ml magenta 6643 Pza.', 'codebarre': '010343885318'}"
171,warning,codebarre duplicado; se sobrescribira el mismo documento,"{'Articulo': 'Tinta EPSON 70 ml amarillo 6644 Pza.', 'codebarre': '010343885325'}"
172,warning,codebarre duplicado; se sobrescribira el mismo documento,"{'Articulo': 'Tinta EPSON 70 ml negro 6641 Pza.', 'codebarre': '010343885295'}"
177,warning,codebarre duplicado; se sobrescribira el mismo documento,"{'Articulo': 'Bolsa CD BELEN 100 CD Pza.', 'codebarre': 'BOLSACD'}"
179,warning,codebarre duplicado; se sobrescribira el mismo documento,"{'Articulo': 'TAPAS CD ACRLICAS 1 NEGRA', 'codebarre': 'TAPAACRINE'}"
180,warning,codebarre duplicado; se sobrescribira el mismo documento,"{'Articulo': 'TAPAS BLU 4U', 'codebarre': 'TAPABLU4U'}"
181,warning,codebarre duplicado; se sobrescribira el mismo documento,"{'Articulo': 'TAPAS DVD COLOR BLANCO 14 MM 2 JMAX Pza.', 'codebarre': 'TAPACOLORB14'}"
182,warning,codebarre duplicado; se sobrescribira el mismo documento,"{'Articulo': 'TAPAS CD 7MM', 'codebarre': 'TAPACD7'}"
184,warning,codebarre duplicado; se sobrescribira el mismo documento,"{'Articulo': 'TAPAS DVD 4U JMAX 4 DVD Pza.', 'codebarre': 'TAPADVD4U'}"
185,warning,codebarre duplicado; se sobrescribira el mismo documento,"{'Articulo': 'TAPAS DVD 6U JMAX 6 DVD Pza.', 'codebarre': 'TAPADVD6U'}"
186,warning,codebarre duplicado; se sobrescribira el mismo documento,"{'Articulo': 'TAPAS DVD 10U JMAX 10 DVD Pza.', 'codebarre': 'TAPADVD10U'}"
187,warning,codebarre duplicado; se sobrescribira el mismo documento,"{'Articulo': 'Sobres Papel BLANCO 1 JMAX Pza.', 'codebarre': 'SOBREPAPELBLA'}"
188,warning,codebarre duplicado; se sobrescribira el mismo documento,"{'Articulo': 'TAPAS DVD 12U JMAX 12 DVD Pza.', 'codebarre': 'TAPADVD12U'}"
192,warning,codebarre duplicado; se sobrescribira el mismo documento,"{'Articulo': 'Tinta NEGRA INKMATE 100 CANON 100ML Pza.', 'codebarre': 'TINTA100N'}"
193,warning,codebarre duplicado; se sobrescribira el mismo documento,"{'Articulo': 'TINTA CIAN INKMATE 100 CANON 100ML Pza.', 'codebarre': 'TINTA100C'}"
194,warning,codebarre duplicado; se sobrescribira el mismo documento,"{'Articulo': 'TINTA MAGENTA INKMATE 100 CANON 100ML Pza.', 'codebarre': 'TINTA100M'}"
195,warning,cantidad negativa -4; se cargo como 0,"{'Articulo': 'TINTA AMARILLA INKMATE 100 CANON 100ML Pza.', 'codebarre': 'TINTA100A'}"
195,warning,codebarre duplicado; se sobrescribira el mismo documento,"{'Articulo': 'TINTA AMARILLA INKMATE 100 CANON 100ML Pza.', 'codebarre': 'TINTA100A'}"
197,warning,codebarre duplicado; se sobrescribira el mismo documento,"{'Articulo': 'TINTA JHOROMI 1 LITRO NEGRO Pza.', 'codebarre': 'JHOROMINE'}"
198,warning,cantidad negativa -5; se cargo como 0,"{'Articulo': 'TINTA JHOROMI 1 LITRO AMARILLO Pza.', 'codebarre': 'JHOROMIAM'}"
198,warning,codebarre duplicado; se sobrescribira el mismo documento,"{'Articulo': 'TINTA JHOROMI 1 LITRO AMARILLO Pza.', 'codebarre': 'JHOROMIAM'}"
199,warning,codebarre duplicado; se sobrescribira el mismo documento,"{'Articulo': 'TINTA JHOROMI 1 LITRO ROSADO Pza.', 'codebarre': 'JHOROMIRO'}"
200,warning,codebarre duplicado; se sobrescribira el mismo documento,"{'Articulo': 'TINTA JHOROMI 1 LITRO CELESTE Pza.', 'codebarre': 'JHOROMICE'}"
201,warning,codebarre duplicado; se sobrescribira el mismo documento,"{'Articulo': 'Tapas Dvd 14MM JMAX 2D DVD Pza.', 'codebarre': 'TAPASDVD14N'}"
203,warning,codebarre duplicado; se sobrescribira el mismo documento,"{'Articulo': 'Telefono Panasonic pantalla TS880MX Pza.', 'codebarre': 'KX-TS880MXW'}"
204,warning,cantidad negativa -5; se cargo como 0,"{'Articulo': 'ESTUCHE DE CD HOLDER 112 Pza.', 'codebarre': 'ESTUCHE CD112'}"
205,warning,codebarre duplicado; se sobrescribira el mismo documento,"{'Articulo': 'ESTUCHE TELA SONY PSP Pza.', 'codebarre': 'ESTUCHEPSP'}"
206,warning,cantidad negativa -1; se cargo como 0,"{'Articulo': 'TINTA JHOROMI 1 LITRO MAGENTA Pza.', 'codebarre': 'JHOROMIMA'}"
206,warning,codebarre duplicado; se sobrescribira el mismo documento,"{'Articulo': 'TINTA JHOROMI 1 LITRO MAGENTA Pza.', 'codebarre': 'JHOROMIMA'}"
207,warning,cantidad negativa -1; se cargo como 0,"{'Articulo': 'TINTA JHOROMI 1 LITRO CIAN Pza.', 'codebarre': 'JHOROMIAZ'}"
207,warning,codebarre duplicado; se sobrescribira el mismo documento,"{'Articulo': 'TINTA JHOROMI 1 LITRO CIAN Pza.', 'codebarre': 'JHOROMIAZ'}"
210,warning,cantidad negativa -1; se cargo como 0,"{'Articulo': 'ESTUCHE FILMADORA TELA MEDIANA LAPAZ Pza.', 'codebarre': 'ESTUCHEFILNIKON'}"
220,warning,codebarre duplicado; se sobrescribira el mismo documento,"{'Articulo': 'ESTUCHE DE CD HOLDER 112 Pza.', 'codebarre': 'ESTUCHE CD112'}"
221,warning,cantidad negativa -1; se cargo como 0,"{'Articulo': 'CABLE HDMI MABOX 1.5 PLANO Pza.', 'codebarre': '9358978479542'}"
224,warning,cantidad negativa -267; se cargo como 0,"{'Articulo': 'TAPAS CD ACRILICAS CLEAR GRUESA', 'codebarre': 'TAPAACRICL'}"
224,warning,codebarre duplicado; se sobrescribira el mismo documento,"{'Articulo': 'TAPAS CD ACRILICAS CLEAR GRUESA', 'codebarre': 'TAPAACRICL'}"
226,warning,codebarre duplicado; se sobrescribira el mismo documento,"{'Articulo': 'TAPAS CD ACRILICAS DUAL CLEAR JMAX 1 CD Pza.', 'codebarre': 'TAPAACRIDOB'}"
227,warning,codebarre duplicado; se sobrescribira el mismo documento,"{'Articulo': 'TINTA INKMATE AMARILLO CANON 1 1 LITRO Pza.', 'codebarre': 'TINTAINKCAMARILLO'}"
228,warning,codebarre duplicado; se sobrescribira el mismo documento,"{'Articulo': 'TINTA INKMATE MAGENTA LITRO 1 LITRO CANON Pza.', 'codebarre': 'TINTAINKCM'}"
229,warning,codebarre duplicado; se sobrescribira el mismo documento,"{'Articulo': 'TINTA INKMATE CIAN CANON 1 1 LITRO Pza.', 'codebarre': 'TINTAINKCC'}"
232,warning,codebarre duplicado; se sobrescribira el mismo documento,"{'Articulo': 'TINTA INKMATE LITRO NEGRO 1 EPSON Pza.', 'codebarre': 'INKMATEENE'}"
233,warning,codebarre duplicado; se sobrescribira el mismo documento,"{'Articulo': 'TINTA INKMATE CIAN LITRO 1 LITRO EPSON Pza.', 'codebarre': 'TINTAINKECIAN'}"
234,warning,codebarre duplicado; se sobrescribira el mismo documento,"{'Articulo': 'TINTA INKMATE AMARILLO LITRO 1 LITRO EPSON Pza.', 'codebarre': 'TINTAINKEYELLOW'}"
235,warning,codebarre duplicado; se sobrescribira el mismo documento,"{'Articulo': 'TINTA INKMATE MAGENTA LITRO 1 LITRO EPSON Pza.', 'codebarre': 'TINTAINKEMAGENTA'}"
236,warning,codebarre duplicado; se sobrescribira el mismo documento,"{'Articulo': 'TINTA INKMATE MAGENTA CLARO LITRO 1 LITRO EPSON Pza.', 'codebarre': 'TINTAINKEMC'}"
237,warning,codebarre duplicado; se sobrescribira el mismo documento,"{'Articulo': 'TINTA INKMATE CIAN CLARO LITRO 1 LITRO EPSON Pza.', 'codebarre': 'TINTAINKECC'}"
251,warning,cantidad negativa -3; se cargo como 0,"{'Articulo': 'FOCO POLLERA 150W Pza.', 'codebarre': 'FOCOPO'}"
261,warning,codebarre duplicado; se sobrescribira el mismo documento,"{'Articulo': 'Tapas Dvd MAZA 7MM 2 DISCOS DVD Pza.', 'codebarre': 'TAPADVD7'}"
264,warning,cantidad negativa -5; se cargo como 0,"{'Articulo': 'PILAS PANASONIC AA Pza.', 'codebarre': 'PILAPAN'}"
265,warning,codebarre duplicado; se sobrescribira el mismo documento,"{'Articulo': 'tapas blu 7MM', 'codebarre': 'TAPABLU7MM'}"
274,warning,cantidad negativa -123; se cargo como 0,"{'Articulo': 'DVD 8X SONY 4,7GB Pza.', 'codebarre': 'SONY'}"
279,warning,codebarre duplicado; se sobrescribira el mismo documento,"{'Articulo': 'PAPEL 21X15 SATURA MATE Pza.', 'codebarre': '21X15'}"
295,warning,codebarre duplicado; se sobrescribira el mismo documento,"{'Articulo': 'Telefono Panasonic pantalla TS580 Pza.', 'codebarre': 'KX-TS580LXW'}"
303,warning,cantidad negativa -1; se cargo como 0,"{'Articulo': 'CARGADOR NIKON EN EL10 Pza.', 'codebarre': 'CARG10'}"
305,warning,cantidad negativa -1; se cargo como 0,"{'Articulo': 'HUB USB PORT 3.0 Pza.', 'codebarre': '6910378616540'}"
307,warning,cantidad negativa -1; se cargo como 0,"{'Articulo': 'BATERIA SONY W Pza.', 'codebarre': '4901780848096'}"
307,warning,codebarre duplicado; se sobrescribira el mismo documento,"{'Articulo': 'BATERIA SONY W Pza.', 'codebarre': '4901780848096'}"
313,warning,cantidad negativa -1; se cargo como 0,"{'Articulo': 'LED-336 20W Pza.', 'codebarre': '4607117465881'}"
314,warning,codebarre duplicado; se sobrescribira el mismo documento,"{'Articulo': 'ESTUCHE FILMADORA TELA MEDIANA LAPAZ Pza.', 'codebarre': 'ESTUCHEFILNIKON'}"
317,warning,codebarre duplicado; se sobrescribira el mismo documento,"{'Articulo': 'BATERIA CAMARA SONY X Pza.', 'codebarre': '4905524614404'}"
329,warning,cantidad negativa -3; se cargo como 0,"{'Articulo': 'Adaptador HDMI-HDMI Pza.', 'codebarre': 'UNIONHDMI'}"
338,warning,codebarre duplicado; se sobrescribira el mismo documento,"{'Articulo': 'Tapas Dvd COLOR CLEAR 14MM 2 JMAX Pza.', 'codebarre': 'TAPACOLORC14'}"
359,warning,codebarre duplicado; se sobrescribira el mismo documento,"{'Articulo': 'PAPEL FOTOGRAFICO SATURA SATIN 13X18 PZAS', 'codebarre': 'PAPEL13X18'}"
381,warning,cantidad negativa -1; se cargo como 0,"{'Articulo': 'TAPA PARA LENTE NIKON VIVITAR Pza.', 'codebarre': 'tapa'}"
389,warning,codebarre duplicado; se sobrescribira el mismo documento,"{'Articulo': 'CARGADOR CANON E10 Pza.', 'codebarre': 'E10'}"
394,warning,codebarre duplicado; se sobrescribira el mismo documento,"{'Articulo': 'Mini Cd maza 210 MB Pza.', 'codebarre': 'MINI'}"
407,warning,cantidad negativa -1; se cargo como 0,"{'Articulo': 'CARGADOR CAMARA NIKON EL12 Pza.', 'codebarre': 'EL12'}"
424,warning,cantidad negativa -2; se cargo como 0,"{'Articulo': 'Cargador SONY G Pza.', 'codebarre': 'G'}"
424,warning,codebarre duplicado; se sobrescribira el mismo documento,"{'Articulo': 'Cargador SONY G Pza.', 'codebarre': 'G'}"
428,warning,cantidad negativa -1; se cargo como 0,"{'Articulo': 'VITRINA ALUMINIO ECHADA CAIDA DOBLE 0.80X1.20 Pza.', 'codebarre': 'DE'}"
432,warning,cantidad negativa -2; se cargo como 0,"{'Articulo': 'Cable ewtto 1mt USB A C Pza.', 'codebarre': '6925871642224'}"
442,warning,cantidad negativa -2; se cargo como 0,"{'Articulo': 'RELOJ ANALOGICO CASIO IQ-01S REDONDO Pza.', 'codebarre': '4549526126987'}"
455,warning,cantidad negativa -1; se cargo como 0,"{'Articulo': '504 BLACK', 'codebarre': '010343938748'}"
456,warning,cantidad negativa -1; se cargo como 0,"{'Articulo': '504 CYAN', 'codebarre': '010343938755'}"
458,warning,cantidad negativa -2; se cargo como 0,"{'Articulo': '504 AMARILLO', 'codebarre': '010343938779'}"
461,warning,cantidad negativa -1; se cargo como 0,"{'Articulo': 'AUDIFONO CHUPON PHILIPS CHUPON Pza.', 'codebarre': '6923410713701'}"
463,warning,cantidad negativa -6; se cargo como 0,"{'Articulo': 'Tinta JHOROMI 1/2 AMARILLO Pza.', 'codebarre': '0.5Y'}"
465,warning,codebarre duplicado; se sobrescribira el mismo documento,"{'Articulo': 'FILTRO CAMARA CANON 58MM Pza.', 'codebarre': '4960999431260'}"
467,warning,cantidad negativa -1; se cargo como 0,"{'Articulo': 'TAPA CAMARA NIKON 77MM Pza.', 'codebarre': 'FEF'}"
479,warning,cantidad negativa -1; se cargo como 0,"{'Articulo': 'MOCHILA CAMARA TELA Pza.', 'codebarre': 'mochi'}"
481,warning,codebarre duplicado; se sobrescribira el mismo documento,"{'Articulo': 'BATERIA CAMARA NIKON EN EL3E Pza.', 'codebarre': '018208253098'}"
492,warning,codebarre duplicado; se sobrescribira el mismo documento,"{'Articulo': 'Hub USB KLIP 2.0 KUH-190B Pza.', 'codebarre': '798303071086'}"
507,warning,codebarre duplicado; se sobrescribira el mismo documento,"{'Articulo': 'Telefono Panasonic simple TS500 Pza.', 'codebarre': 'KX-TS500LXB'}"
513,warning,codebarre duplicado; se sobrescribira el mismo documento,"{'Articulo': 'ADAPTADOR VGA-HDMI GENERICO D Pza.', 'codebarre': 'D'}"
516,warning,codebarre duplicado; se sobrescribira el mismo documento,"{'Articulo': 'CD - R SONY 700 MB Pza.', 'codebarre': '027242852310'}"
521,warning,cantidad negativa -225; se cargo como 0,"{'Articulo': 'CD SMART 700 MB Pza.', 'codebarre': 'LKK'}"
546,warning,cantidad negativa -1; se cargo como 0,"{'Articulo': 'ROUTER WIFI XIAOMI MI ROUTER 4C Pza.', 'codebarre': '6970244525529'}"
560,warning,cantidad negativa -4; se cargo como 0,"{'Articulo': 'TINTA IMPRESORA KATAS CANON 1/2 LITRO Pza.', 'codebarre': 'HJD'}"
573,warning,cantidad negativa -10; se cargo como 0,"{'Articulo': 'FOCO 1,2M LED 1 LED Pza.', 'codebarre': 'FOCO120'}"
573,warning,codebarre duplicado; se sobrescribira el mismo documento,"{'Articulo': 'FOCO 1,2M LED 1 LED Pza.', 'codebarre': 'FOCO120'}"
575,warning,cantidad negativa -10; se cargo como 0,"{'Articulo': 'TINTA JHOROMI 1/2 LITRO NEGRO Pza.', 'codebarre': '0.5BK'}"
576,warning,cantidad negativa -2; se cargo como 0,"{'Articulo': 'TINTA JHOROMI 1/2 LITRO CIAN Pza.', 'codebarre': '0.5C'}"
577,warning,cantidad negativa -3; se cargo como 0,"{'Articulo': 'TINTA JHOROMI 1/2 LITRO MAGENTA Pza.', 'codebarre': '0.5M'}"
598,warning,cantidad negativa -51; se cargo como 0,"{'Articulo': 'PAPEL DOBLE CARA Satura 50 hojas Pza.', 'codebarre': 'doble'}"
608,warning,cantidad negativa -1; se cargo como 0,"{'Articulo': 'CARTUCHO IMPRESORA FOTOS FULLCOLORS E-376 Pza.', 'codebarre': 'CARTU'}"
624,warning,cantidad negativa -1; se cargo como 0,"{'Articulo': 'ARO DE LUZ DE MESA FILLING M-20 Pza.', 'codebarre': 'M20'}"
631,warning,cantidad negativa -139; se cargo como 0,"{'Articulo': 'CD IMPRIMIBLE MELODY 700 MB Pza.', 'codebarre': 'CDIMPMEL'}"
646,warning,cantidad negativa -2; se cargo como 0,"{'Articulo': 'Detector de Billetes UYESIDO DHX0008 Pza.', 'codebarre': '1977'}"
649,warning,cantidad negativa -10; se cargo como 0,"{'Articulo': 'FLASH MEMORY SANDISK 32 GB METAL Pza.', 'codebarre': '619659136697'}"
686,warning,cantidad negativa -79; se cargo como 0,"{'Articulo': 'CD IMPRIMIBLE SMART 700 MB PZAS', 'codebarre': 'SMS'}"
689,warning,codebarre duplicado; se sobrescribira el mismo documento,"{'Articulo': 'UPS 1000 VA ABRELEX 1002 Pza.', 'codebarre': 'SS'}"
693,warning,codebarre duplicado; se sobrescribira el mismo documento,"{'Articulo': 'Bateria NIKON ENEL 20 Pza.', 'codebarre': '018208257805'}"
694,warning,cantidad negativa -1; se cargo como 0,"{'Articulo': 'ADAPTADOR USB - RED KNUP RJ45 Pza.', 'codebarre': 'RED'}"
715,warning,cantidad negativa -2; se cargo como 0,"{'Articulo': 'Cartucho Canon XL 145 Pza.', 'codebarre': '013803215458'}"
719,warning,codebarre duplicado; se sobrescribira el mismo documento,"{'Articulo': 'softbox godox 4 FOCOA Pza.', 'codebarre': 'FEF'}"
720,warning,cantidad negativa -1; se cargo como 0,"{'Articulo': 'CABLE DE RED KNUP TP6 10 M Pza.', 'codebarre': 'RED10'}"
722,warning,cantidad negativa -1; se cargo como 0,"{'Articulo': 'CABLE DE RED KNUP TP6 20 M Pza.', 'codebarre': 'RED20'}"
724,warning,cantidad negativa -1; se cargo como 0,"{'Articulo': 'Cargador + 2 pilas AAA GP AAA 2100mAh RECARGABLE Pza.', 'codebarre': '4891199192913'}"
734,warning,cantidad negativa -2; se cargo como 0,"{'Articulo': 'Afeitadora PHILIPS AT 620 Pza.', 'codebarre': '8710103619338'}"
742,warning,cantidad negativa -1; se cargo como 0,"{'Articulo': 'Memoria SD SANDISK 32 GB / 90MBs EXTREME Pza.', 'codebarre': '619659147037'}"
748,warning,cantidad negativa -2; se cargo como 0,"{'Articulo': 'PLANCHA DE PELO DAMOTEC DM-205 Pza.', 'codebarre': '8211808831006'}"
755,warning,cantidad negativa -8; se cargo como 0,"{'Articulo': 'DVD 4.7GB Value IMPRIMIBLE', 'codebarre': 'DVDEJKI'}"
757,warning,cantidad negativa -2; se cargo como 0,"{'Articulo': 'CARGADOR +2 PILAS AA Y 2 AAA', 'codebarre': '4891199197260'}"
781,warning,codebarre duplicado; se sobrescribira el mismo documento,"{'Articulo': 'TAPAS DVD COLOR BLANCO 14 MM 2 JMAX Pza.', 'codebarre': 'TAPACOLORB14'}"
785,warning,codebarre duplicado; se sobrescribira el mismo documento,"{'Articulo': 'BALANZA PERSONAL ECONOMICA', 'codebarre': 'balanza'}"
788,warning,cantidad negativa -4; se cargo como 0,"{'Articulo': 'FLASH MEMORI hp 32GB 3.1', 'codebarre': 'FLASH3.0'}"
794,warning,cantidad negativa -1; se cargo como 0,"{'Articulo': 'FLASH MEMORY HP 128GB 3.1', 'codebarre': '4712847098107'}"
795,warning,codebarre duplicado; se sobrescribira el mismo documento,"{'Articulo': 'ANTENA WIFI', 'codebarre': 'ANTENA'}"
799,warning,cantidad negativa -1; se cargo como 0,"{'Articulo': 'MONOPIE VIVITAR 72 PULGADAS', 'codebarre': 'mono72'}"
801,warning,codebarre duplicado; se sobrescribira el mismo documento,"{'Articulo': 'MONOPIE VIVITAR 67 67"" Pza.', 'codebarre': '681066856314'}"
811,warning,cantidad negativa -3; se cargo como 0,"{'Articulo': 'PILA ALCALINA LR1130', 'codebarre': '810026280054'}"
812,warning,cantidad negativa -1; se cargo como 0,"{'Articulo': 'BATERIA 9V TOSHIBA', 'codebarre': '4904530588785'}"
824,warning,codebarre duplicado; se sobrescribira el mismo documento,"{'Articulo': 'CABLE IMPRESORA 3MTS Pza.', 'codebarre': 'IMPRESORA'}"
828,warning,cantidad negativa -2; se cargo como 0,"{'Articulo': 'MEMORIA MICRO SD kingston 8GB', 'codebarre': 'kin'}"
829,warning,codebarre duplicado; se sobrescribira el mismo documento,"{'Articulo': 'FLASH MEMORY SANDISK 64 GB 3.0 ULTRA FLAIR Pza.', 'codebarre': '619659136703'}"
833,warning,codebarre duplicado; se sobrescribira el mismo documento,"{'Articulo': 'LED PARA FILMADORA 180', 'codebarre': '026127771210'}"
844,warning,codebarre duplicado; se sobrescribira el mismo documento,"{'Articulo': 'Espliter HDMI 1a2 GENERICO Pza.', 'codebarre': 'espliter'}"
847,warning,cantidad negativa -1; se cargo como 0,"{'Articulo': 'Calculadora Casio FX 82LA 252 funciones', 'codebarre': '4549526608933'}"
857,warning,cantidad negativa -2; se cargo como 0,"{'Articulo': 'ARO LED MJ33', 'codebarre': 'AROLED'}"
859,warning,cantidad negativa -5; se cargo como 0,"{'Articulo': 'CONTROL REMOTO TV LG', 'codebarre': 'controltv'}"
878,warning,cantidad negativa -1; se cargo como 0,"{'Articulo': 'SECADORA BABYLISS PRO', 'codebarre': 'BABY'}"
885,warning,cantidad negativa -1; se cargo como 0,"{'Articulo': 'COOLER PARA PORTATIL', 'codebarre': 'coler'}"
887,warning,codebarre duplicado; se sobrescribira el mismo documento,"{'Articulo': 'BATERIA PANASONIC VBT380', 'codebarre': '5025232562374'}"
891,warning,codebarre duplicado; se sobrescribira el mismo documento,"{'Articulo': 'Flash Memory San Disk 64 GB OTG TIPO C Pza.', 'codebarre': 'otg64'}"
893,warning,cantidad negativa -1; se cargo como 0,"{'Articulo': 'Tapas Dvd JMAX 8 Uds Pza.', 'codebarre': 'tapa de 8'}"
893,warning,codebarre duplicado; se sobrescribira el mismo documento,"{'Articulo': 'Tapas Dvd JMAX 8 Uds Pza.', 'codebarre': 'tapa de 8'}"
894,warning,codebarre duplicado; se sobrescribira el mismo documento,"{'Articulo': 'BATERIA CAMARA JVC 823AC Pza.', 'codebarre': 'jvc'}"
908,warning,codebarre duplicado; se sobrescribira el mismo documento,"{'Articulo': 'BATERIA CAMARA CANON E6 Pza.', 'codebarre': 'E6'}"
923,warning,codebarre duplicado; se sobrescribira el mismo documento,"{'Articulo': 'Cargador + 2 pilas AAA +2 PILAS GP AA RECARGABLE Pza.', 'codebarre': '4891199197260'}"
934,warning,cantidad negativa -1; se cargo como 0,"{'Articulo': 'RELOJ DIGITAL ROJO JH2315 za.', 'codebarre': 'ROJO'}"
